"月下莲",26028
"休闲养老没烦恼",26042
"咸鱼湾",971
"千恋万花",461
"炼铜术士聚集地",4356
"欧洲兔兔连萌",5476
"星月晓颜",13420
"洗浴中心",37909
"希望之花",2227
"寻梦",5897
"QAQ未闻花名",30468
"宫商角徵羽",20650
"梦与魔法的乐园",430
"双子摘星",13999
"心理疾病医院",712
"猫猫连结",5645
"真步公主护卫会",12709
"加把劲骑士团",2905
"观潮阁",10534
"憨批小魔仙",39290
"同萌协会",22493
"QAQ萌国联邦",2122
"西红柿炒鸡蛋",9156
"魔灵学院",35787
"迦勒底的异世界观星所",722
"兰德索尔动物园",42962
"莱茵骑士团",6686
"万年传承幻想乡",4308
"放学后茶会",4495
"咕噜灵波~转一圈？",26
"QAQ老司姬",21149
"拉比林斯",42097
"圣衡骑士团",2505
"獨行天下",9459
"喵喵",6153
"绫绫",3062
"装兔子的冰箱",30830
"月白",10180
"简简单单最真",8973
"QAQ枫叶鱼塘",8432
"会长急救中心",20881
"阵列猫",4125
"柠檬殿堂",38856
"星城",21275
"大枫树",2397
"流光雾中萤",19861
"瑶光",39541
"珈百璃的后宫团",1040
"泡泡茶壶",27624
"欧洲兔兔集结",35995
"莫得感情的行会",367
"灰与幻想的格林姆迦尔",164
"咸鱼每一天",353
"君悦君兮君不知",22952
"某正义的巴别塔",24377
"蜗仙斋",4752
"红魔馆",32808
"梦幻联动",16980
"彼岸花曼珠沙华",4769
"幻想乡",6463
"Re:0",19185
"莱茵海盗团",40971
"初音MIKU小幸运",2598
"龙宝等混吃混喝回家",932
"公主近卫团",13153
"纳萨里克大坟墓",9334
"缘念花",2219
"圣威院",7510
"茶百道",9635
"圣剑",313
"幽水雅阁",17942
"悠水小筑",2081
"风域",20151
"希希公主幼儿园",21188
"QAQ品红色的照相馆",40912
"小小牢狱",3053
"Kreator",16512
"82年的拉菲",52
"皇家巡游",4314
"洗浴二会",41387
"寻芳阁",38348
"星之愿招人中",5726
"潮鸣",10003
"喵喵连结",1460
"幻想次元",2436
"猫猫头联盟",2442
"风居住的街道",36974
"泠鸢尾几度花",14812
"风色幻想",5805
"蜗仙苑",2194
"榴莲酱同学后援会",7001
"120公会收人了",835
"QAQ盛夏泳装会",34388
"琉夏",3340
"python培训班",1620
"凯露酱的小鱼塘",30192
"来点正常出刀活人加群",1204
"邦邦甜花组",11084
"鱼仔仔",7650
"三刀出完睡饱饱",12441
"龙骑兵团征兵",3759
"牧野行歌",8926
"妖猫之宿",72
"惨遭背刺零零碎碎公会",2244
"蜗仙居",2308
"彼岸茶会之花",28957
"秋之枫叶红",2992
"复活社",160
"QAQ清梦星河",10796
"京都养老院",2973
"公会之家",3178
"Freesia",4913
"蜗仙宗",41198
"学园都市",582
"hxd一起冲",33771
"圣盟",5572
"无忧茶馆",31784
"备战白羊70万以上来",2173
"QAQ夜行灯明",43136
"贰货乐园",10756
"圣骑士团",19277
"月球炼铜乐团",18
"九州",250
"圣骑士团",19277
"学生会",15393
"闲鱼",10
"咸鱼想翻身",3671
"洗浴三会",41769
"樱落",8847
"公主的顶点",18953
"梦之阁",4286
"一肚子坏水",40626
"仓鼠的小窝",4080
"洛洛洛我爱薯片哈",603
"美食殿堂",1230
"Darling",10252
"四月你的谎言",3046
"早出刀早下班",2613
"暖暖的铁匠铺",40359
"一个小家",10149
"咕咕咕之家",39375
"亚城木梦叶",27853
"洛樱殿",3666
"天井",9042
"泪雨梨花后援团",8693
"幻想乡",6463
"狼的末路",15365
"编号9527",1234
"结萌社",8744
"天园",2504
"佩可莉姆应援团",109
"咲恋救济院",20418
"迷迭迷迭paryi桑",6101
"猫又小粥饭团屋",1353
"神之领域",6191
"虚印证章",5936
"异域骑士团",30631
"欧皇（会战刀刀烈火）",2048
"名人堂",6967
"星沉大海",6912
"摇曳的理想乡",9435
"游戏宅",5428
"纳萨力克大坟墓",544
"兰德索尔图书馆",11479
"久辞",6894
"连结专业团队DLM",2866
"凯露农场",1827
"格雷姆林魔法结社",8884
"妄想症",23311
"神魂灵域",4274
"某科学的行会",2035
"七冠",5427
"约会大作战",17074
"猫猫头",3616
"猎牛人家族",2557
"非酋玩家行会",1664
"Naruto",4904
"贪欢",2881
"香雪兰@传说",24948
"地狱之歌",6916
"嘤灵殿",1475
"超大的芝士力量",5184
"梅兰竹菊收人收副会",4840
"屋后的小池塘",35597
"圣骑士四团",18689
"云上挽歌",19457
"夏天的味道",2134
"花开伊吕波",33633
"白金",2221
"养乐多",10860
"萌之领域",7428
"安德里安",4915
"天启前150会长女装",4178
"塔罗会",2857
"历代传说被猪拱",16373
"星辰阁",5165
"梦想乡",11402
"咸鱼佣兵团",6124
"客官请留步",40737
"迦勒底亚斯",1749
"angel",2862
"龙樱御林翼",10582
"咸鱼行会",1920
"QAQ巴别塔攻略组",8689
"银狼",7054
"EVA",3185
"天涯明月",16675
"老八的秘制小汉堡儿",27240
"晨曦养老院",23173
"轨迹集中营",5628
"连结时刻",2438
"百合花开香四溢",5310
"Euphoria",1915
"兰德索尔之翼",23476
"墨丘利财团会计部",10545
"lovehome",10612
"米奇妙妙屋",24319
"软饭硬吃交流会",8645
"梦幻",4504
"修仙姬",7333
"星愿时空（招新）",2140
"大枫树",2397
"养老组",1501
"血盟骑士团",7806
"铲车人",5825
"暮光之星",33652
"非酋",7985
"洛浣楼（闲鱼?）",2558
"林深时见鹿",4190
"耗子的后宫",5599
"夏静凉风",17071
"茶会收人",17939
"公主焊接",538
"千灯观",14454
"花之天使的夏之恋歌",23731
"碧萝会",665
"德莉莎世界第一可爱",2941
"仙凌",9605
"小鱼塘QAQ",8475
"放养行会",6645
"风行协会",31736
"养老基地",8202
"绯色月下",2942
"剑与玫瑰",420
"美食殿堂",1230
"天降之雾",3270
"花不凋零，我们不散",6082
"白嫖养老院",11872
"肥鸽子",10667
"矛衣未的开挂巨剑",442
"小枫树",3325
"纸片人老婆",9214
"厉害了呢",24800
"夏夜星空海丶",15533
"得劲",5050
"星月颜桃",28582
"菜菜通通吃掉.",7221
"刀剑神域",8139
"炖哈曼计划",8278
"123123",9059
"蓝蔷薇",1091
"梵高花语",11729
"欧盟",4888
"东方幻想乡",4046
"星辰府",3394
"星軌",6640
"樱花庄(雪月)",5589
"肝帝光辉游乐园",19670
"迷途猫行会",5879
"大白兔农场",2327
"新月行会",872
"赤色曙光",4656
"忘生流鸣",5271
"从零开始的PCR生活",5532
"刀剑神域",8139
"真步的童话庭院",17825
"星宿海",883
"枫灵之家",10768
"大大牢饭重组",43144
"樱花",7245
"静流",1889
"300内工会招常在线",27647
"三天之内杀了你",7290
"Escalibor",15127
"刀刀甜心刀的公会",8975
"小仓鼠灬聚集地",6397
"墨染之峰",7045
"Re:休闲殿堂",6862
"星灯清火",5443
"123",6080
"青梅",7645
"Night Raid",3319
"咸鱼之家",8738
"不会有人主动进来吧",14380
"湛蓝苍穹",11423
"娱乐部OxO",7980
"宅宅乐园",10079
"霓虹物语",2512
"水色的旋律",2373
"天堂",4448
"爱琳",2459
"缘梦阁",568
"漫游超时空",3407
"香织的小拳拳",14473
"专业团队",3296
"放学后茶会",4495
"伊甸园之冬",2945
"远东魔法午睡结社之夏",878
"硫酸洗啥",826
"风宇阁",5025
