1,"同萌滑刀协会up","蓝蓝蓝^ 乄",1,1,2,1
2,"快出刀，没时间了","海豹眷属绾绾",14,2,1,2
3,"天枢保20找合会","安",9,5,3,3
4,"QAQ未闻花名","最帅最欧",2,3,6,8
5,"一人我掉三刀","苏月曦^",3,6,4,5
6,"装兔子的冰箱","泠泠A",6,4,5,7
7,"咸鱼湾","川澄舞",5,7,7,9
8,"希望之花","麦克吉利斯",10,12,8,4
9,"苏狗你行不行啊","红茶",7,8,10,6
10,"休闲养老没烦恼","快看彩虹",11,11,9,10
11,"月下莲","老羊驼克克^",8,14,12,14
12,"寻梦","我是骗子王",4,9,15,15
13,"魔域学院","兲空＊",13,13,11,13
14,"猫猫连结","流炫（招人看简介）",19,10,13,11
15,"QAQ品红色的照相馆","decade",12,15,16,12
16,"灬欧洲兔兔连萌灬","兔兔灬狐狸贴贴",15,18,14,19
17,"观潮阁","贤狼赫萝",17,16,17,18
18,"梦与魔法的乐园","梦天真",18,23,18,16
19,"星月晓颜","光月紫",21,19,20,17
20,"宫商角徵羽","绫濑夕映",16,17,19,20
21,"QAQ司姬协会","芈夜",20,21,23,21
22,"QAQ萌国联邦","~利姆露~i 乄",22,24,22,23
23,"摸鱼君悦摸鱼","缘氵浅唱灬四叶",26,20,29,22
24,"爱酱保护协会","珈百璃",24,22,26,27
25,"柚子厨交流协会","诺诺",23,30,21,26
26,"QAQ摆烂鱼塘","伊蕾娜小恶魔（团）",25,26,25,24
27,"咕噜灵波~转一圈？","陌鸢于泠*",28,28,24,25
28,"公主近卫团","叮咚丶",31,25,27,28
29,"万年传承幻想乡","蓝天",32,27,34,29
30,"圣威院","是辉夜哦~ p挖",29,34,28,30
31,"西红柿炒鸡蛋","非伤",27,29,33,31
32,"洗浴中心","朔月^ 乄",30,31,31,32
33,"彼岸花曼珠沙华","红茶我的最爱丶i",34,36,35,33
34,"圣衡骑士团","PAL.星菓i",40,33,32,41
35,"加把劲骑士团","掩饰乄",36,32,40,34
36,"瑶光","芥荨",35,35,38,35
37,"蜗仙苑","仔仔",52,42,30,36
38,"炼铜术士聚集地","奥修 t",33,49,37,42
39,"莫得感情的行会","天使w魔鬼乄（团）",41,37,42,37
40,"流光雾中萤","见切FHi t",45,40,36,43
41,"简简单单最真","青山七海",37,38,43,40
42,"星城","焊接者",42,39,41,39
43,"灰与幻想的格林姆迦尔","春酒*",44,43,39,38
44,"会长急救中心","三三",38,41,44,45
45,"绫绫","田心田乄",43,48,48,44
46,"大枫树","夏天i",39,46,51,47
47,"獨行天下","腹黑的兔子",49,44,46,46
48,"喵喵连结（猫猫二会）","wk116春田",50,45,52,48
49,"红魔馆","驱纹戒斗",63,47,49,51
50,"幽水雅阁","追 梦 达 人^t",59,54,50,49
51,"蜗仙居","小仓鼠黄瓜瓜  群i",46,51,60,52
52,"凯露酱的小鱼塘","ssc",48,50,55,55
53,"阵列猫","Explosion",70,57,47,50
54,"真步公主护卫会","婷婷抱抱春妈乄",47,52,54,64
55,"纳萨里克大坟墓","^莫莫伽*",76,53,45,61
56,"放学后茶会","諾蓓兒",51,62,59,57
57,"某正义的巴别塔","欧皇",53,56,53,69
58,"爱吃华莱士","陌路",57,64,56,62
59,"Re:0","dio",60,58,62,58
60,"灬欧洲兔兔集结灬","兔兔灬亦九",73,60,58,60
61,"Freesia","梨衣",68,70,61,53
62,"QAQ盛夏泳装会","慕名而来～",56,69,66,54
63,"学园都市","王尼矛",54,63,64,59
64,"蜗仙斋","萌萌一号",58,55,57,75
65,"莱茵海盗团","风中吃西瓜",61,59,65,66
66,"风居住的街道","梦~三千",72,61,63,63
67,"初音MIKU小幸运","Zlonix",69,65,68,67
68,"圣剑","晗中歌",55,68,73,68
69,"风域(缺人)","九霄i",90,79,67,56
70,"来点正常出刀活人加群","笛羞A吾去拖他依 i",100,76,72,65
71,"缘念花","缘份",88,73,69,74
72,"兰德索尔最强炼铜厂","无路赛i^i",67,67,75,78
73,"幻想乡","夜雨春声",66,72,71,80
74,"幻想次元（收人看简介","欧~力给",62,78,84,72
75,"小小牢狱","泡泡茶壶t",78,75,79,73
76,"龙宝随缘冲前50招人","迷路镇的库露宓",82,88,70,71
77,"炸骗团伙","中野四叶i*群简介",64,66,80,86
78,"Darling","02",65,71,90,77
79,"风色幻想","辉XA",80,77,88,76
80,"京都养老院","漪宝",75,82,76,87
81,"游戏宅","小春",84,108,82,70
82,"复活社","骄阳赤妖FH乄",96,81,77,82
83,"喵喵","简自在乄",91,74,83,85
84,"QAQ茶会","浪越",92,90,74,88
85,"QAQ清梦星河","嗷嗷嗷",97,95,78,79
86,"秋之枫叶红","GoldGunner",71,89,81,95
87,"QAQ夜行灯明","咸鱼肝i",74,96,93,81
88,"Kreator","伊莉雅丝菲尔",83,85,87,94
89,"hxd一起冲","a8",81,93,89,90
90,"三刀出完睡饱饱","晴天俊朗",79,119,86,84
91,"惨遭背刺零零碎碎公会","云间空流 *乄 ",93,104,91,91
92,"无忧茶馆","ashen",116,94,98,83
93,"美食殿堂","玩世不恭",85,80,94,118
94,"公主的顶点","本亚",87,102,85,111
95,"皇家巡游","意如梦",107,99,103,89
96,"圣骑士团","PAL.灵魂的救赎",89,87,101,110
97,"仓鼠的小窝","哈罗德",77,97,110,102
98,"寻芳阁","会气（团）（在双群）",105,109,92,103
99,"公会之家","盐酥鸡腿菇i ",86,110,113,92
100,"洗浴二会","HL丶乄^",94,91,112,107
101,"鱼仔仔","大懒虫",104,129,100,93
102,"妖猫之宿","风之痕",112,111,97,105
103,"邦邦[sup]甜花组","快乐断手器",111,116,99,101
104,"泪雨梨花后援团（招人","碎钻回刺原路打回乄",109,83,115,114
105,"一个小家","星净树",101,114,119,98
106,"月球炼铜乐团","磷叶",96,84,122,120
107,"龙骑兵团征兵","*行会收人*在挖",117,115,95,108
108,"希希公主幼儿园","公主希露薇",115,123,102,96
109,"迷迭迷迭paryi桑","FLxs风铃星誓 简",110,107,116,100
110,"琉夏","犹汐",98,126,104,106
111,"早出刀早下班","阿巴阿巴",118,113,105,99
112,"牧野行歌","逍遥",99,86,111,127
113,"排百公会招熟练工","阿波罗",113,103,125,104
114,"久辞","菌菌",106,106,123,109
115,"幻想乡","誓言",108,131,108,97
116,"榴莲酱同学后援会","咖啡K",132,98,96,112
117,"闲鱼","乃鱼",102,92,128,123
118,"圣骑士二团","PAL.毛裤",114,100,118,128
119,"平行天堂","井出来了......",121,120,114,124
120,"一肚子坏水","Daya（挖矿中）",124,127,109,115
121,"樱落","寻梦忆 pyq",119,134,106,116
122,"会长今晚女装","折木奉太郎",127,118,107,125
123,"贰货乐园","贰货兔子",122,117,117,126
124,"天园","小小公子",103,124,124,129
125,"蜗仙宗（蜗仙四会）","爪巴鱼（黄金矿工）",130,136,121,113
126,"晨曦","星尘 离一i",138,105,120,131
127,"泠鸢尾几度花","冰小蓝",133,133,126,117
128,"咕咕咕之家","物述",131,112,130,119
129,"四月你的谎言（招人）","杰瑞克斯（招人）",128,132,127,121
130,"星之愿招人中","k-on.F",123,122,136,130
131,"潮鸣","记星",126,139,133,122
132,"python培训班","维吉尔X",140,121,129,138
133,"樱花树","Revolver丶",134,130,135,135
134,"暖暖的铁匠铺","新任会长鱿鱼大人",120,135,137,137
135,"洛洛洛我爱薯片哈","四缕",135,125,140,134
136,"神之领域","骑士君乄",139,128,139,136
137,"圣盟（招人缺二）","浪花",142,138,134,132
138,"彼岸茶会之花","熊猫-",129,141,138,142
139,"编号9527","缘之空",125,137,146,140
140,"虚印证章","黑本琦夜",137,144,132,143
141,"学生会","花沫沫(工会招人)",150,101,131,141
142,"82年的拉菲","圆圆的圈圈^乄A",149,140,141,139
143,"想唱的叙事诗","坂井优衣碳",146,142,145,133
144,"摇曳的理想乡","水中肥鸭",136,149,144,147
145,"格雷姆林魔法结社","sky",147,148,143,144
146,"梦之阁","阳光菇",141,145,142,150
147,"猫猫头","良佘",143,150,147,145
148,"连结专业团队DLM","梦境",145,146,148,150
149,"小枫树","爱新觉罗丶TING",144,150,150,148
150,"猎牛人家族","宇九黎",148,147,150,150
151,"星空列车与白的旅行","夜羽真白",150,150,149,146
152,"天井","老子才是真佑树",150,150,150,149
153,"大大牢饭","雪蓝星pjcc挖不动",150,143,150,150
154,"咲恋救济院","杰",150,150,150,150
155,"异域骑士团","迪亚布罗",150,150,150,150
156,"纳萨力克大坟墓","偶多多",150,150,150,150
157,"佩可莉姆应援团","艾丝华伦斯坦",150,150,150,150
158,"欧皇（会战刀刀烈火）","亚丝娜",150,150,150,150
159,"七冠","柊镜X^",150,150,150,150
160,"凯露农场","迷雾精灵",150,150,150,150
161,"九州","bbb",150,150,150,150
162,"历代传说被猪拱","我是猪（看简介）",150,150,150,150
163,"妄想症（养老招人）","鹿畔",150,150,150,150
164,"Naruto","Hinata",150,150,150,150
165,"塔罗会（招人）","愚者",150,150,150,150
166,"结萌社(招新）","塔其米",150,150,150,150
167,"超大的芝士力量","病入高黄",150,150,150,150
168,"白金","三玖",150,150,150,150
169,"兰德索尔之翼","浅川途",150,150,150,150
170,"神魂灵域","我很乖巧的呢",150,150,150,150
171,"星辰阁","小雨",150,150,150,150
172,"地狱之歌","莉莉安娜",150,150,150,150
173,"天痕凛冽斩（招大佬）","（招大佬）",150,150,150,150
174,"angel","波动你心",150,150,150,150
175,"星月颜桃","星雨",150,150,150,150
176,"Euphoria","四季夏目",150,150,150,150
177,"客官请留步","极乐净土",150,150,150,150
178,"香雪兰@传说","请叫我小基，别误伤",150,150,150,150
179,"天涯明月","明月-寒竹",150,150,150,150
180,"养老组","灯",150,150,150,150
181,"放养行会","后宫众多的现充骑士",150,150,150,150
182,"星灯清火","涩体源流",150,150,150,150
183,"萝莉培育研究基地","十六夜云天泪",150,150,150,150
184,"咸鱼行会","忘却来时路",150,150,150,150
185,"兰德索尔图书馆","好好先生",150,150,150,150
186,"纸片人老婆","筱",150,150,150,150
187,"名人堂（还要招4人）","古守家今天的饭",150,150,150,150
188,"花开伊吕波","咸鱼",150,150,150,150
189,"天启前150会长女装","雪",150,150,150,150
190,"欧盟","一脸茫然",150,150,150,150
191,"大枫树","稽精",150,150,150,150
193,"银狼","昔曰A",150,150,150,150
194,"QAQ巴别塔攻略组","绝对零度",150,150,150,150
195,"养乐多","乐多",150,150,150,150
196,"耗子的后宫","耗子",150,150,150,150
197,"修仙姬","111我也住",150,150,150,150
