"""同萌纯爱战士协会up""",1,2
"""柠檬殿堂今天又掉一刀""",2,1
"""休闲养老没烦恼""",3,10
"""双子摘星""",4,6
"""希望之花""",5,11
"""咸鱼湾""",6,5
"""莱茵骑士团（赌你的头""",7,13
"""莱的父亲们""",8,0
"""未闻掉刀摆烂坎公招人""",9,7
"""睡饱饱的观星所""",10,3
"""装兔子的冰箱""",11,8
"""宫商角徵羽""",12,23
"""28.1个人的月下莲""",13,4
"""饿啊 我的超人！！""",14,14
"""泡泡茶壶""",15,15
"""早下班，早睡觉""",16,16
"""灬欧洲兔兔连萌灬""",17,18
"""观潮阁摆烂保150""",18,22
"""心理疾病医院""",19,19
"""魔灵学院""",20,9
"""QAQ品红色的照相馆""",21,20
"""柚子厨交流协会""",22,32
"""咕噜灵波~转一圈？""",23,21
"""QAQ司寄协会""",24,34
"""QAQ萌国联邦""",25,27
"""君悦君兮君不知 摆烂""",26,25
"""星月晓颜""",27,39
"""彼岸花曼珠沙华""",28,53
"""爱酱保护协会""",29,42
"""洗浴中心""",30,30
"""万年传承幻想乡""",31,29
"""西红柿炒鸡蛋""",32,36
"""梦与魔法的乐园""",33,24
"""灰与幻想的格林姆迦尔""",34,46
"""圣衡骑士团""",35,28
"""圣威院""",36,33
"""会长急救中心""",37,37
"""星城""",38,48
"""炼铜术士聚集地""",39,31
"""QAQ摆烂鱼塘""",40,50
"""流光雾中萤""",41,40
"""大枫树""",42,44
"""加把劲骑士团""",43,38
"""公主近卫团""",44,52
"""绫绫""",45,54
"""獨行天下""",46,60
"""会长在树上""",47,43
"""瑶光""",48,35
"""莫得感情的行会""",49,41
"""简简单单最真""",50,45
"""红魔馆""",51,49
"""莱茵海盗团""",52,73
"""凯露酱的小鱼塘""",53,66
"""放学后茶会""",54,56
"""风居住的街道""",55,65
"""真步公主护卫会""",56,47
"""喵喵连结（猫猫二会）""",57,61
"""Freesia""",58,78
"""Re:0""",59,70
"""爱吃华莱士""",60,79
"""圣剑""",61,67
"""灬欧洲兔兔集结灬""",62,64
"""希希公主幼儿园""",63,58
"""幽水雅阁""",64,71
"""QAQ盛夏泳装会""",65,68
"""三刀出完睡饱饱""",66,69
"""Kreator""",67,90
"""幻想次元（收人看简介""",68,85
"""阵列猫""",69,72
"""QAQ清梦星河""",70,100
"""某正义的巴别塔""",71,57
"""纳萨里克大坟墓""",72,88
"""蜗仙斋""",73,83
"""寻芳阁""",74,117
"""炸骗团伙""",75,94
"""学园都市""",76,102
"""悠水小筑""",77,77
"""风色幻想""",78,81
"""喵喵""",79,75
"""潮鸣""",80,74
"""初音MIKU小幸运""",81,62
"""小小牢狱""",82,84
"""蜗仙居""",83,63
"""皇家巡游""",84,95
"""洗浴二会""",85,105
"""琉夏""",86,87
"""圣骑士团""",87,86
"""龙骑兵团征兵""",88,89
"""圣骑士团""",89,135
"""蜗仙苑""",90,93
"""圣骑士团""",91,135
"""学生会""",92,112
"""无忧茶馆""",93,82
"""秋之枫叶红""",94,123
"""一肚子坏水""",95,104
"""风域""",96,51
"""公主的顶点""",97,127
"""游戏宅""",98,119
"""QAQ夜行灯明""",99,92
"""惨遭背刺零零碎碎公会""",100,101
"""幻想乡""",101,142
"""复活社""",102,118
"""公会之家""",103,108
"""Darling""",104,140
"""贰货乐园""",105,133
"""幻想乡""",106,91
"""缘念花""",107,99
"""京都养老院（招人）""",108,106
"""美食殿堂""",109,136
"""牧野行歌""",110,114
"""来点正常出刀活人加群""",111,80
"""妖猫之宿""",112,125
"""樱落""",113,103
"""邦邦[sup]甜花组""",114,110
"""蜗仙宗（蜗仙四会）""",115,96
"""龙宝随缘冲前50招人""",116,59
"""迷迭迷迭paryi桑""",117,153
"""早出刀早下班""",118,144
"""hxd一起冲""",119,98
"""鱼仔仔""",120,116
"""月球炼铜乐团""",121,115
"""招高练度成员""",122,76
"""python培训班""",123,122
"""闲鱼""",124,121
"""泪雨梨花后援团（招人""",125,132
"""仓鼠的小窝""",126,131
"""四月你的谎言""",127,138
"""82年的拉菲""",128,111
"""彼岸茶会之花""",129,113
"""备战下期75万以上来""",130,141
"""一个小家""",131,147
"""QAQ茶会""",132,214
"""泠鸢尾几度花""",133,124
"""咕咕咕之家""",134,130
"""洛洛洛我爱薯片哈""",135,126
"""榴莲酱同学后援会""",136,109
"""圣盟（招人缺一）""",137,134
"""神之领域""",138,146
"""咸鱼想翻身""",139,137
"""星之愿招人中""",140,107
"""梦之阁""",141,139
"""九州""",142,120
"""编号9527""",143,150
"""摇曳的理想乡""",144,159
"""暖暖的铁匠铺""",145,128
"""虚印证章""",146,156
"""天园""",147,148
"""结萌社(招新）""",148,151
"""亚城木梦叶""",149,154
"""久辞""",150,152
"""名人堂（还要招2人）""",151,155
"""天井""",152,145
"""欧皇（会战刀刀烈火）""",153,168
"""七冠""",154,169
"""凯露农场""",155,158
"""养乐多""",156,185
"""咲恋救济院""",157,157
"""连结专业团队DLM""",158,172
"""纳萨力克大坟墓""",159,170
"""异域骑士团""",160,171
"""格雷姆林魔法结社""",161,164
"""妄想症（养老招人）""",162,162
"""猎牛人家族""",163,167
"""猫猫头""",164,176
"""夏恋""",165,268
"""Naruto""",166,187
"""猫又小粥饭团屋""",167,163
"""兰德索尔图书馆""",168,165
"""地狱之歌""",169,161
"""超大的芝士力量""",170,181
"""梅兰竹菊收人收副会""",171,175
"""非酋玩家行会""",172,183
"""神魂灵域""",173,166
"""佩可莉姆应援团""",174,173
"""某科学的行会""",175,160
"""香雪兰@传说""",176,177
"""angel""",177,197
"""萝莉培育研究基地""",178,256
"""咸鱼行会""",179,195
"""云上挽歌""",180,191
"""塔罗会（招人）""",181,196
"""白金""",182,189
"""晨曦养老院""",183,220
"""c5用法刀发群里了""",184,282
"""护天的圣枪""",185,149
"""历代传说被猪拱""",186,182
"""兰德索尔之翼""",187,193
"""星辰阁""",188,199
"""放养行会""",189,246
"""修仙姬""",190,210
"""QAQ巴别塔攻略组""",191,206
"""千灯观""",192,234
"""耗子的后宫""",193,213
"""夏天的味道""",194,188
"""龙樱御林翼""",195,192
"""纸片人老婆""",196,228
"""迦勒底亚斯""",197,194
"""花开伊吕波""",198,184
"""天启前150会长女装""",199,198
"""米奇妙妙屋""",200,207
